md_toc_git_hash,markdown_parser,total_characters,iterations,force_line_ending,total,avg,platform_python_version,platform_architecture,platform_machine,platform_python_implementation,platform_python_compiler,platform_libc_ver
641610b1cca1185559bfcd1508f5b0d1007d88a4,cmark,10485760,100,True,4667.137715578079,46.67137715578079,unknown,64bit ELF,x86_64,CPython,unknown,unknown
641610b1cca1185559bfcd1508f5b0d1007d88a4,github,10485760,100,True,4548.555232048035,45.485552320480345,unknown,64bit ELF,x86_64,CPython,unknown,unknown
641610b1cca1185559bfcd1508f5b0d1007d88a4,gitlab,10485760,100,True,4522.081082582474,45.220810825824735,unknown,64bit ELF,x86_64,CPython,unknown,unknown
641610b1cca1185559bfcd1508f5b0d1007d88a4,redcarpet,10485760,100,True,4461.562405347824,44.61562405347824,unknown,64bit ELF,x86_64,CPython,unknown,unknown
4c8288048398a7bcdc16de8d83f849b3e8b10798,cmark,10485760,100,True,8175.9684109687805,81.75968410968781,3.9.2,64bit ELF,x86_64,CPython,GCC 10.2.1 20210110,glibc 2.31
4c8288048398a7bcdc16de8d83f849b3e8b10798,github,10485760,100,True,8154.679046154022,81.54679046154023,3.9.2,64bit ELF,x86_64,CPython,GCC 10.2.1 20210110,glibc 2.31
4c8288048398a7bcdc16de8d83f849b3e8b10798,gitlab,10485760,100,True,8248.605129003525,82.48605129003525,3.9.2,64bit ELF,x86_64,CPython,GCC 10.2.1 20210110,glibc 2.31
4c8288048398a7bcdc16de8d83f849b3e8b10798,redcarpet,10485760,100,True,8165.47937297821,81.6547937297821,3.9.2,64bit ELF,x86_64,CPython,GCC 10.2.1 20210110,glibc 2.31
